<?xml version="1.0" encoding="UTF-8" ?>
<!DOCTYPE mapper PUBLIC "-//mybatis.org//DTD Mapper 3.0//EN"
  "http://mybatis.org/dtd/mybatis-3-mapper.dtd">

<mapper namespace="com.kidslab.client.coursepage.dao.CoursePageDao">

	<!-- 강의페이지를 위한 기본 강의정보 sql -->
	<sql id="coursePageCommon">
		SELECT coursedata_no, coursedata_title, coursedata_writer,
		coursedata_content, to_char(coursedata_registerdate, 'yyyy-mm-dd') as
		coursedata_registerdate,
		coursedata_file, coursedata_status, course_no
		FROM board_coursedata
		<where>
			<if test="search=='coursedata_title'">
				<![CDATA[ coursedata_title like '%' || #{keyword} || '%']]>
			</if>
			<if test="search=='coursedata_content'">
				<![CDATA[ coursedata_content like '%' || #{keyword} || '%']]>
			</if>
			<if test="search=='coursedata_writer'">
				<![CDATA[ coursedata_writer like '%' || #{keyword} || '%']]>
			</if>
			<if test="coursedata_status=='all'">
				1=1
			</if>
			<if test="coursedata_status=='notice'">
				<![CDATA[ coursedata_status like '%공지사항%']]>
			</if>
			<if test="coursedata_status=='dataroom'">
				<![CDATA[ coursedata_status like '%자료실%']]>
			</if>
			<if test="coursedata_status=='task'">
				<![CDATA[ coursedata_status like '%과제%']]>
			</if>
		</where>
	</sql>

	<!-- 강의 번호로 해당강의 정보를 가져오는 sql -->
	<select id="selectCourse" parameterType="course" resultType="course">
		SELECT c.course_no, course_summary, course_name, course_subject,
		course_level, course_time, course_totalperson, course_room,
		course_plan, course_pay, to_char(course_registerdate, 'yyyy-mm-dd')
		as
		course_registerdate, course_status,
		to_char(course_startdate,'yyyy-mm-dd')
		as course_startdate,
		to_char(course_enddate,'yyyy-mm-dd') as
		course_enddate,
		c.teacher_no,
		teacher_id, teacher_name, teacher_phone,
		teacher_photo,
		to_char(teacher_registerdate, 'yyyy-mm-dd') as teacher_registerdate,
		teacher_thumb, teacher_status
		FROM teacher t INNER JOIN course c ON
		c.teacher_no =
		t.teacher_no
		WHERE course_no = #{course_no}
	</select>

	<!-- 공지사항 또는 자료실의 리스트를 최근 5개씩 가져오는 sql -->
	<select id="homeCourseDataList" parameterType="courseData"
		resultType="courseData">
		SELECT coursedata_no, coursedata_title, coursedata_writer,
		coursedata_content,
		to_char(coursedata_registerdate, 'yyyy-mm-dd') as
		coursedata_registerdate,
		coursedata_file, coursedata_status, course_no
		FROM(
		SELECT list.*, rownum as rnum
		FROM(
		SELECT *
		FROM board_coursedata
		WHERE course_no = #{course_no}
		<choose>
			<when test="coursedata_status == '공지사항'">
				and coursedata_status = '공지사항'
			</when>
			<when test="coursedata_status == '자료실'">
				and coursedata_status = '자료실'
			</when>
		</choose>
		ORDER BY coursedata_registerdate DESC
		)
		list
		)
		WHERE rnum BETWEEN 1 and 5
	</select>

	<!-- 강의페이지 글 목록 가져오기 sql -->
	<select id="courseDataList" parameterType="courseData"
		resultType="courseData">
		SELECT coursedata_no, coursedata_title, coursedata_writer,
		coursedata_content,
		coursedata_registerdate,
		coursedata_file,
		coursedata_status
		FROM(
		SELECT list.*, rownum as rnum
		FROM (
		<include refid="coursePageCommon"></include>
		<choose>
			<when test="coursedata_status != null and coursedata_status != ''">
				and
			</when>
			<otherwise>
				where
			</otherwise>
		</choose>
		course_no = #{course_no}
		ORDER BY coursedata_no DESC
		) list
		)
		<where>
			<if test="start_row != null and start_row != ''">
				<if test="end_row != null and end_row != ''">
					rnum between #{start_row} and #{end_row}
				</if>
			</if>
		</where>
	</select>

	<!-- 강의 페이지 게시판 글 목록 세는 sql -->
	<select id="coursePageListCnt" parameterType="courseData"
		resultType="int">
		SELECT nvl(count(1), 0)
		FROM (
		SELECT list.*, rownum as rnum
		FROM(
		<include refid="coursePageCommon"></include>
		ORDER BY coursedata_no DESC
		) list
		)
	</select>

	<!-- 강의 페이지 게시판 글 등록 sql -->
	<insert id="coursePageInsert" parameterType="courseData">
		<selectKey keyProperty="coursedata_no" resultType="int"
			order="BEFORE">
			SELECT board_coursedata_seq.nextval FROM dual
		</selectKey>

		INSERT INTO board_coursedata(coursedata_no, coursedata_title,
		coursedata_writer, coursedata_content,
		<if test="coursedata_file != null and coursedata_file != ''">
			coursedata_file,
		</if>
		coursedata_status, course_no )
		VALUES (#{coursedata_no},
		#{coursedata_title}, #{coursedata_writer},
		#{coursedata_content},
		<if test="coursedata_file != null and coursedata_file != ''">
			#{coursedata_file},
		</if>
		#{coursedata_status},
		#{course_no})
	</insert>

	<!-- 강의 페이지 게시판 글 상세보기 sql -->
	<select id="coursePageDetail" parameterType="courseData"
		resultType="courseData">
		SELECT coursedata_no, coursedata_title, coursedata_writer,
		coursedata_content,
		to_char(coursedata_registerdate, 'yyyy-mm-dd') as
		coursedata_registerdate,
		coursedata_file, coursedata_status
		FROM
		board_coursedata
		WHERE coursedata_no =
		#{coursedata_no}
	</select>

	<!-- 강의 페이지 게시판 글 수정처리 sql -->
	<update id="coursePageUpdate" parameterType="courseData">
		UPDATE board_coursedata
		SET coursedata_title = #{coursedata_title},
		<if test="coursedata_file != null and coursedata_file != ''">
			coursedata_file = #{coursedata_file},
		</if>
		coursedata_content = #{coursedata_content},
		coursedata_registerdate =
		sysdate
		WHERE coursedata_no = #{coursedata_no}
	</update>

	<!-- 강의 페이지 게시판 글 삭제처리 sql -->
	<delete id="coursePageDelete" parameterType="courseData">
		DELETE FROM
		board_coursedata
		WHERE coursedata_no = #{coursedata_no}
	</delete>

</mapper>
