<?xml version="1.0" encoding="UTF-8" ?>
<!DOCTYPE mapper PUBLIC "-//mybatis.org//DTD Mapper 3.0//EN"
  "http://mybatis.org/dtd/mybatis-3-mapper.dtd">

<mapper namespace="com.kidslab.client.finduser.dao.FindUserDao">

	<select id="findParentId" parameterType="parent" resultType="parent">
		SELECT
		parent_id as userId,
		to_char(parent_registerdate, 'yyyy-mm-dd')
		as parent_registerdate
		FROM parent WHERE parent_name = #{parent_name}
		and
		parent_phone = #{parent_phone}
	</select>

	<select id="matchParentId" parameterType="parent" resultType="parent">
		SELECT parent_no, parent_id as userId, parent_password as userPw,
		parent_name,
		parent_phone, parent_address, to_char(parent_registerdate,
		'yyyy-mm-dd') as parent_registerdate
		FROM parent
		WHERE parent_id =
		#{userId} and parent_name = #{parent_name}
	</select>

	<update id="temporaryPwUpdate" parameterType="parent">
		UPDATE parent SET
		parent_password = #{userPw}
		WHERE parent_id = #{userId} and parent_name
		= #{parent_name}
	</update>

	<select id="temporarySecuritySelect" parameterType="String"
		resultType="security">
		SELECT user_id as userId, salt
		FROM user_security
		WHERE
		user_id=#{userId}
	</select>

	<select id="findStudentId" parameterType="student" resultType="student">
		SELECT student_id as userId,
		to_char(student_registerdate,
		'yyyy-mm-dd') as student_registerdate
		FROM student
		WHERE student_name =
		#{student_name} and to_char(student_birthday,
		'yymmdd') =
		#{student_birthday}
	</select>

	<select id="checkStudentInfo" parameterType="student"
		resultType="student">
		SELECT student_no, student_id as userId, student_password
		as userPw,
		student_name, student_gender, student_school,
		student_birthday,
		student_reference, to_char(student_registerdate,
		'yyyy-mm-dd') as
		student_registerdate, student_evaluation,
		student_status, parent_no
		FROM student
		WHERE student_id = #{userId} and
		student_name = #{student_name}
	</select>

	<update id="newStudentPwInsert" parameterType="student">
		UPDATE student
		SET
		student_password = #{userPw}
		WHERE student_id = #{userId} and
		student_name = #{student_name}
	</update>

</mapper>
