<?xml version="1.0" encoding="UTF-8" ?>
<!DOCTYPE mapper PUBLIC "-//mybatis.org//DTD Mapper 3.0//EN"
  "http://mybatis.org/dtd/mybatis-3-mapper.dtd">

<mapper namespace="com.kidslab.admin.notice.dao.NoticeDao">

	<sql id="noticeCommon">
		select notice_no, notice_title, notice_content,
		notice_registerdate
		from board_notice
		<where>
			<if test="search=='notice_title'">
				<![CDATA[ notice_title like '%' || #{keyword} || '%']]>
			</if>
			<if test="search=='notice_content'">
				<![CDATA[ notice_content like '%' || #{keyword} || '%']]>
			</if>
			<if test="search=='notice_registerdate'">
				<![CDATA[ to_char(notice_registerdate, 'YYYY-MM-DD')
				 between #{start_date} and #{end_date}]]>
			</if>
		</where>
	</sql>


	<select id="mainNoticeList" resultType="adminNotice">
		select notice_no,
		notice_title,
		to_char(notice_registerdate, 'yyyy-mm-dd') as
		notice_registerdate
		from(
		select list.*, rownum as rnum
		from(
		select *
		from board_notice
		order by notice_no desc
		) list
		)
		where
		rnum between 1 and
		5
	</select>

	<!-- 게시물 전체 조회 -->
	<select id="noticeList" parameterType="adminNotice" resultType="adminNotice">
		<!-- notice - noticeList -->
		select notice_no, notice_title, notice_content,
		to_char(notice_registerdate, 'yyyy-mm-dd') as notice_registerdate
		from(
		select list.*, rownum as rnum
		from (
		<include refid="noticeCommon"></include>
		order by notice_no desc
		) list
		)
		<where>
			<if test="start_row != null and start_row != ''">
				<if test="end_row != null and end_row != ''">
					rnum between #{start_row} and #{end_row}
				</if>
			</if>
		</where>
	</select>

	<select id="noticeListCnt" parameterType="adminNotice"
		resultType="int">
		<!-- Notice - noticeListCnt -->
		select nvl(count(1), 0)
		from (
		select list.*, rownum as rnum
		from(
		<include refid="noticeCommon"></include>
		order by notice_no desc
		) list
		)
	</select>

	<select id="noticeDetail" parameterType="int" resultType="adminNotice">
		<!-- Notice - noticeDetail -->
		select notice_no, notice_title, notice_content,
		to_char(notice_registerdate, 'yyyy-mm-dd') as notice_registerdate
		from
		board_notice
		where notice_no = #{notice_no}
	</select>

	<insert id="noticeInsert" parameterType="adminNotice">
		<!-- Notice - noticeInsert -->
		<selectKey keyProperty="notice_no" resultType="int" order="BEFORE">
			select BOARD_NOTICE_SEQ.nextval from dual
		</selectKey>
		insert into
		board_notice(notice_no, notice_title, notice_content,
		admin_no)
		values(#{notice_no}, #{notice_title}, #{notice_content},
		#{admin_no})
	</insert>

	<update id="noticeUpdate" parameterType="adminNotice">
		<!-- Notice - noticeUpdate -->
		update board_notice
		set
		notice_title = #{notice_title}, notice_content =
		#{notice_content},
		notice_registerdate = sysdate
		where notice_no =
		#{notice_no}
	</update>
	<delete id="noticeDelete" parameterType="adminNotice">
		<!-- Notice - noticeDelete -->
		delete from
		board_notice
		where notice_no = #{notice_no}
	</delete>


</mapper>
