<?xml version="1.0" encoding="UTF-8" ?>
<!DOCTYPE mapper PUBLIC "-//mybatis.org//DTD Mapper 3.0//EN"
  "http://mybatis.org/dtd/mybatis-3-mapper.dtd">

<mapper namespace="com.kidslab.teacher.registcourse.dao.RegistCourseDao">

	<insert id="registCourseInsert" parameterType="registCourse">
		<!-- 게시물 등록 -->
		<selectKey keyProperty="course_no" resultType="int" order="BEFORE">
			select course_seq.nextval from dual
		</selectKey>
		insert into
		course(course_no, course_summary, course_name,
		course_subject, course_level, teacher_no
		<if test="course_plan != null and course_plan != ''">,course_plan</if>
		)
		values(#{course_no}, #{course_summary}, #{course_name},
		#{course_subject}, #{course_level}, #{teacher_no}
		<if test="course_plan != null and course_plan != ''">,#{course_plan}</if>
		)
	</insert>


</mapper>
