<?xml version="1.0" encoding="UTF-8" ?>
<!DOCTYPE mapper PUBLIC "-//mybatis.org//DTD Mapper 3.0//EN"
  "http://mybatis.org/dtd/mybatis-3-mapper.dtd">

<mapper namespace="com.kidslab.admin.reply.dao.ReplyDao">

	<!-- 댓글 전체 조회(해당 게시물번호에 대해) -->

	<select id="replyList" parameterType="reply" resultType="reply">
		SELECT
		inquiry_reply_no,
		inquiry_no,
		inquiry_reply_content,
		to_char(inquiry_reply_registerdate, 'yyyy-mm-dd
		hh24:mi:ss') AS
		inquiry_reply_registerdate
		FROM BOARD_INQUIRY_REPLY
		WHERE inquiry_no =
		#{inquiry_no}
		ORDER BY
		inquiry_reply_no DESC
	</select>

	<!-- 댓글 등록 -->
	<insert id="replyInsert" parameterType="reply">
		<!-- Reply - replyInsert -->
		<selectKey keyProperty="inquiry_reply_no" resultType="int"
			order="BEFORE">
			select BOARD_INQUIRY_REPLY_SEQ.nextval FROM DUAL
		</selectKey>
		INSERT INTO BOARD_INQUIRY_REPLY (inquiry_reply_no, inquiry_no,
		inquiry_reply_content, admin_no)
		VALUES(#{inquiry_reply_no},#{inquiry_no},#{inquiry_reply_content},
		#{admin_no})
	</insert>

	<update id="replyUpdate" parameterType="reply">
		<!-- Reply - replyUpdate -->
		UPDATE BOARD_INQUIRY_REPLY
		SET
		inquiry_reply_content =
		#{inquiry_reply_content},
		r_date = sysdate
		WHERE
		inquiry_reply_no =
		#{inquiry_reply_no}
	</update>

	<delete id="replyDelete" parameterType="reply">
		<!-- Reply - replyDelete -->
		DELETE FROM
		BOARD_INQUIRY_REPLY WHERE
		inquiry_reply_no =
		#{inquiry_reply_no}
	</delete>

</mapper>
