<?xml version="1.0" encoding="UTF-8" ?>
<!DOCTYPE mapper PUBLIC "-//mybatis.org//DTD Mapper 3.0//EN"
  "http://mybatis.org/dtd/mybatis-3-mapper.dtd">

<mapper namespace="com.kidslab.teacher.login.dao.TeacherLoginDao">

	<select id="userIdSelect" parameterType="String" resultType="teacherLogin">
		select teacher_id, teacher_password, teacher_name
		from
		teacher
		where
		teacher_id =
		#{teacher_id}
	</select>

	<select id="loginSelect" parameterType="teacherLogin"
		resultType="teacherLogin">
		<!-- 로그인 처리 쿼리 -->
		select teacher_id, teacher_password, teacher_name, teacher_no
		from
		teacher
		where
		teacher_id = #{teacher_id} and
		teacher_password =
		#{teacher_password}
	</select>

	<insert id="loginHistoryInsert" parameterType="teacherLogin">
		insert into
		login_history(
		idx, userId, retry, lastFailedLogin,
		lastSuccessedLogin,
		clientIP)
		values(
		login_history_seq.nextval,
		#{teacher_id},
		#{retry,jdbcType=INTEGER},
		#{lastFailedLogin,jdbcType=INTEGER},
		#{lastSuccessedLogin,jdbcType=INTEGER},
		#{clientIP,jdbcType=VARCHAR}
		)
	</insert>

	<update id="loginHistoryUpdate" parameterType="teacherLogin">
		update
		login_history
		set retry = #{retry}, lastFailedLogin =
		#{lastFailedLogin},
		lastSuccessedLogin = #{lastSuccessedLogin},
		clientIP = #{clientIP,jdbcType=VARCHAR}
		where idx = #{idx} and userId =
		#{teacher_id}
	</update>

	<select id="loginHistorySelect" parameterType="String"
		resultType="teacherLogin">
		select idx, userId as teacher_id, retry, lastFailedLogin,
		lastSuccessedLogin, clientIP
		from login_history
		where userId =
		#{teacher_id}
	</select>

</mapper>
