<?xml version="1.0" encoding="UTF-8"?> 
<!DOCTYPE tiles-definitions PUBLIC "-//Apache Software Foundation//DTD Tiles Configuration 2.0//EN" 
"http://tiles.apache.org/dtds/tiles-config_3_0.dtd">

<tiles-definitions>

	<definition name="basic"
		template="/WEB-INF/views/template/admin/contentLayout.jsp">
		<put-attribute name="title" value="관리자 페이지"></put-attribute>
		<put-attribute name="header"
			value="/WEB-INF/views/template/admin/header.jsp"></put-attribute>
		<put-attribute name="sub"
			value="/WEB-INF/views/template/admin/sub.jsp"></put-attribute>
		<put-attribute name="left"
			value="/WEB-INF/views/template/admin/left.jsp"></put-attribute>
		<put-attribute name="main" value=""></put-attribute>
	</definition>

	<definition name="admin/board/*" extends="basic">
		<put-attribute name="main" value="/WEB-INF/views/admin/board/{1}.jsp"></put-attribute>
	</definition>

	<definition name="admin/member/*" extends="basic">
		<put-attribute name="sub"
			value="/WEB-INF/views/admin/member/memberSub.jsp"></put-attribute>
		<put-attribute name="main"
			value="/WEB-INF/views/admin/member/{1}.jsp"></put-attribute>
	</definition>

	<definition name="admin/teacher/*" extends="basic">
		<put-attribute name="sub" value=""></put-attribute>
		<put-attribute name="main"
			value="/WEB-INF/views/admin/teacher/{1}.jsp" />
	</definition>


	<definition name="admin/course/*" extends="basic">
		<put-attribute name="sub" value=""></put-attribute>
		<put-attribute name="main"
			value="/WEB-INF/views/admin/course/{1}.jsp" />
	</definition>
	<definition name="admin/payment/*" extends="basic">
		<put-attribute name="sub" value=""></put-attribute>
		<put-attribute name="main"
			value="/WEB-INF/views/admin/payment/{1}.jsp"></put-attribute>
	</definition>
	<definition name="admin/notice/*" extends="basic">
		<put-attribute name="sub" value=""></put-attribute>
		<put-attribute name="main"
			value="/WEB-INF/views/admin/notice/{1}.jsp"></put-attribute>
	</definition>

	<definition name="admin/faq/*" extends="basic">
		<put-attribute name="sub" value=""></put-attribute>
		<put-attribute name="main" value="/WEB-INF/views/admin/faq/{1}.jsp"></put-attribute>
	</definition>

	<definition name="admin/inquiry/*" extends="basic">
		<put-attribute name="sub" value=""></put-attribute>
		<put-attribute name="main"
			value="/WEB-INF/views/admin/inquiry/{1}.jsp"></put-attribute>
	</definition>

	<definition name="admin/member/*" extends="basic">
		<put-attribute name="sub" value=""></put-attribute>
		<put-attribute name="main"
			value="/WEB-INF/views/admin/member/{1}.jsp"></put-attribute>
	</definition>

	<definition name="admin/chart/*" extends="basic">
		<put-attribute name="sub" value=""></put-attribute>
		<put-attribute name="main" value="/WEB-INF/views/admin/chart/{1}.jsp"></put-attribute>
	</definition>

</tiles-definitions>