<?xml version="1.0" encoding="UTF-8" ?>
<!DOCTYPE configuration
  PUBLIC "-//mybatis.org//DTD Config 3.0//EN"
  "http://mybatis.org/dtd/mybatis-3-config.dtd">
<configuration>

	<typeAliases>
		<typeAlias type="com.kidslab.admin.login.vo.AdminLoginVO"
			alias="login" />
		<typeAlias type="com.kidslab.admin.jointeacher.vo.TeacherVO"
			alias="teacher" />
		<!-- security 에서 teacherSecurity로 변경 -->
		<typeAlias type="com.kidslab.admin.jointeacher.vo.TeacherSecurity"
			alias="teacherSecurity" />
		<typeAlias type="com.kidslab.admin.course.vo.CourseVO"
			alias="course" />
		<typeAlias type="com.kidslab.admin.payment.vo.PaymentVO"
			alias="adminPayment" />
		<typeAlias type="com.kidslab.admin.notice.vo.NoticeVO"
			alias="adminNotice" />
		<typeAlias type="com.kidslab.admin.faq.vo.FaqVO" alias="faq" />
		<typeAlias type="com.kidslab.admin.reply.vo.ReplyVO" alias="reply" />

		<!-- Teacher 부분 -->
		<typeAlias type="com.kidslab.teacher.login.vo.TeacherLoginVO"
			alias="teacherLogin" />
		<typeAlias type="com.kidslab.teacher.registcourse.vo.RegistCourseVO"
			alias="registCourse" />
		<typeAlias type="com.kidslab.teacher.gallery.vo.TeacherGalleryVO"
			alias="gallery" />

		<!-- 사용자 추가된 부분 -->
		<typeAlias type="com.kidslab.client.parent.vo.ParentVO"
			alias="parent" />
		<typeAlias type="com.kidslab.client.common.vo.UserSecurity"
			alias="security" />
		<typeAlias type="com.kidslab.client.login.vo.UserLoginVO"
			alias="userLogin" />
		<typeAlias type="com.kidslab.client.student.vo.StudentVO"
			alias="student" />
		<typeAlias type="com.kidslab.client.requestcourse.vo.RequestCourseVO"
			alias="requestCourse" />
		<typeAlias type="com.kidslab.client.inquiry.vo.InquiryVO"
			alias="inquiry" />
		<typeAlias type="com.kidslab.client.coursedata.vo.CourseDataVO"
			alias="courseData" />

	</typeAliases>

</configuration>
