<?xml version="1.0" encoding="UTF-8"?>
<beans:beans xmlns="http://www.springframework.org/schema/mvc"
	xmlns:xsi="http://www.w3.org/2001/XMLSchema-instance" xmlns:beans="http://www.springframework.org/schema/beans"
	xmlns:context="http://www.springframework.org/schema/context"
	xmlns:aop="http://www.springframework.org/schema/aop" xmlns:tx="http://www.springframework.org/schema/tx"
	xsi:schemaLocation="http://www.springframework.org/schema/mvc http://www.springframework.org/schema/mvc/spring-mvc.xsd
		http://www.springframework.org/schema/beans http://www.springframework.org/schema/beans/spring-beans.xsd
		http://www.springframework.org/schema/context http://www.springframework.org/schema/context/spring-context.xsd
		http://www.springframework.org/schema/aop http://www.springframework.org/schema/aop/spring-aop-4.3.xsd
		http://www.springframework.org/schema/tx http://www.springframework.org/schema/tx/spring-tx-4.3.xsd">

	<!-- DispatcherServlet Context: defines this servlet's request-processing 
		infrastructure -->

	<!-- 어노테이션 설정 -->
	<context:annotation-config></context:annotation-config>

	<!-- Enables the Spring MVC @Controller programming model -->
	<annotation-driven />

	<!-- Handles HTTP GET requests for /resources/** by efficiently serving 
		up static resources in the ${webappRoot}/resources directory -->
	<resources mapping="/resources/**" location="/resources/" />
	<resources location="/uploadStorage/" mapping="/uploadStorage/**"></resources>

	<!-- DAO 등록 -->
	<beans:bean id="parentJoinDao"
		class="com.kidslab.client.parentjoin.dao.ParentJoinDaoImpl"></beans:bean>
	<beans:bean id="studentJoinDao"
		class="com.kidslab.client.studentjoin.dao.StudentJoinDaoImpl"></beans:bean>

	<!-- Resolves views selected for rendering by @Controllers to .jsp resources 
		in the /WEB-INF/views directory -->
	<!-- ViewResolver에 설정 부분을 주석처리한다. -->
	<!-- <beans:bean class="org.springframework.web.servlet.view.InternalResourceViewResolver"> 
		<beans:property name="prefix" value="/WEB-INF/views/" /> <beans:property 
		name="suffix" value=".jsp" /> </beans:bean> -->

	<!-- 타일즈(tiles) 설정 -->
	<beans:bean id="tilesConfigurer"
		class="org.springframework.web.servlet.view.tiles3.TilesConfigurer">
		<beans:property name="definitions">
			<beans:list>
				<beans:value>/WEB-INF/tiles/tiles-setting.xml</beans:value>
				<!-- 관리자 페이지 추가 시 추석 해제 -->
				<beans:value>/WEB-INF/tiles/admin-setting.xml</beans:value>
				<!-- teacher page -->
				<!-- <beans:value>/WEB-INF/tiles/teacher-setting.xml</beans:value> -->
			</beans:list>
		</beans:property>
	</beans:bean>

	<beans:bean id="tilesViewResolver"
		class="org.springframework.web.servlet.view.UrlBasedViewResolver">
		<beans:property name="viewClass"
			value="org.springframework.web.servlet.view.tiles3.TilesView"></beans:property>
		<!-- 우선순위 설정 -->
		<beans:property name="order" value="1"></beans:property>
	</beans:bean>

	<beans:bean id="viewResolver"
		class="org.springframework.web.servlet.view.InternalResourceViewResolver">
		<beans:property name="prefix" value="/WEB-INF/views/"></beans:property>
		<beans:property name="suffix" value=".jsp"></beans:property>
		<beans:property name="order" value="2"></beans:property>
	</beans:bean>

	<context:component-scan base-package="com.kidslab.**.**.**" />
	<!-- =============== 첨부파일을 위한 설정 ============== -->
	<beans:bean id="multipartResolver"
		class="org.springframework.web.multipart.commons.CommonsMultipartResolver">
		<beans:property name="defaultEncoding" value="UTF-8"></beans:property>
		<beans:property name="maxUploadSize" value="52428800"></beans:property>
	</beans:bean>
	<!-- View 이름에 따라 직접 뷰 클래스를 지정하도록 설정하는 ViewResolver -->
	<beans:bean class="org.springframework.web.servlet.view.BeanNameViewResolver">
		<!-- 우선순위를 0번으로 지정 -->
		<beans:property name="order" value="0"></beans:property>
	</beans:bean>
	<beans:bean id="fileViewAction" class="com.kidslab.common.file.FileViewAction"></beans:bean>
	<!-- download 라는 view로 출력하려고 할 때 사용할 뷰 설정 -->
	<beans:bean id="download" class="com.kidslab.common.file.DownloadView"></beans:bean>
</beans:beans>
